{
  "env_keys": {
    "run_env": "RUN_MODE"
  },
  "loggers": [
    {
      "name": "default",
      "config": {
        "prod": {
          "out": {
          },
          "level": "error"
        },
        "dev": {
          "level": "debug",
          "formatter": {
            "name": "mylog"
          },
          "hooks": [
            {
              "name": "myfile",
              "options": {
                "filename": "./log/ungate.log",
                "maxlines": "0",
                "maxsize": "8000000",
                "daily": true,
                "maxdays": 30,
                "rotate": true,
                "level": 4
              }
            }
          ]
        }
      }
    },
    {
      "name": "Bus_alipay79991101",
      "config": {
        "prod": {
          "out": {
          },
          "level": "error"
        },
        "dev": {
          "level": "debug",
          "formatter": {
            "name": "mylog"
          },
          "hooks": [
            {
              "name": "myfile",
              "options": {
                "filename": "./log/bus_ali.log",
                "maxlines": "0",
                "maxsize": "8000000",
                "daily": true,
                "maxdays": 30,
                "rotate": true,
                "level": 4
              }
            }
          ]
        }
      }
    },
    {
      "name": "Bus_wepay79991102",
      "config": {
        "prod": {
          "out": {
          },
          "level": "error"
        },
        "dev": {
          "level": "debug",
          "formatter": {
            "name": "mylog"
          },
          "hooks": [
            {
              "name": "myfile",
              "options": {
                "filename": "./log/bus_wep.log",
                "maxlines": "0",
                "maxsize": "8000000",
                "daily": true,
                "maxdays": 30,
                "rotate": true,
                "level": 4
              }
            }
          ]
        }
      }
    }
  ]
}
